index,Parameter Name,a3,BE(13LamC)(MeV),BE-11.88MeV
1201,J-28L-30K300ms_m0.95,-1.8462634086608887,11.87993163432968,-6.836567032131313e-5
1202,J-28L-30K300ms_m1.0,-0.8040106296539307,11.88004884008349,4.884008348859936e-5
1203,J-28L-30K600ms_m0.6,NaN,NaN,NaN
1204,J-28L-30K600ms_m0.65,NaN,NaN,NaN
1205,J-28L-30K600ms_m0.7,NaN,NaN,NaN
1206,J-28L-30K600ms_m0.75,NaN,NaN,NaN
1207,J-28L-30K600ms_m0.8,NaN,NaN,NaN
1208,J-28L-30K600ms_m0.85,NaN,NaN,NaN
1209,J-28L-30K600ms_m0.9,NaN,NaN,NaN
1210,J-28L-30K600ms_m0.95,NaN,NaN,NaN
1211,J-28L-30K600ms_m1.0,NaN,NaN,NaN
1212,J-28L-20K0ms_m0.6,29.36595916748047,11.880081800891304,8.180089130327417e-5
1213,J-28L-20K0ms_m0.65,29.62993621826172,11.880012358871397,1.2358871396500604e-5
1214,J-28L-20K0ms_m0.7,29.911842346191406,11.880086728004201,8.672800420050919e-5
1215,J-28L-20K0ms_m0.75,30.20862579345703,11.880056525084143,5.652508414222268e-5
1216,J-28L-20K0ms_m0.8,30.511512756347656,11.879933825699084,-6.617430091715448e-5
1217,J-28L-20K0ms_m0.85,30.81745147705078,11.879895815641788,-0.00010418435821257788
1218,J-28L-20K0ms_m0.9,31.63532257080078,11.879901487038609,-9.851296139196108e-5
1219,J-28L-20K0ms_m0.95,31.94164276123047,11.880060499669924,6.0499669922720045e-5
1220,J-28L-20K0ms_m1.0,32.249488830566406,11.87997325201087,-2.674798913027132e-5
1221,J-28L-20K300ms_m0.6,-1.0636723041534424,11.879966104739864,-3.3895260136418415e-5
1222,J-28L-20K300ms_m0.65,0.06856672465801239,11.879960613259342,-3.938674065828707e-5
1223,J-28L-20K300ms_m0.7,1.1567676067352295,11.879956767533244,-4.323246675674852e-5
1224,J-28L-20K300ms_m0.75,2.2071385383605957,11.880041597855538,4.1597855537034434e-5
1225,J-28L-20K300ms_m0.8,3.2175683975219727,11.8796792063861,-0.00032079361390024985
1226,J-28L-20K300ms_m0.85,4.1906023025512695,11.879957038060411,-4.296193958985839e-5
1227,J-28L-20K300ms_m0.9,5.134000778198242,11.880064329091198,6.432909119702401e-5
1228,J-28L-20K300ms_m0.95,6.052675247192383,11.880003793150522,3.79315052079221e-6
1229,J-28L-20K300ms_m1.0,6.94493293762207,11.879939796988737,-6.0203011264192696e-5
1230,J-28L-20K600ms_m0.6,NaN,NaN,NaN
1231,J-28L-20K600ms_m0.65,NaN,NaN,NaN
1232,J-28L-20K600ms_m0.7,NaN,NaN,NaN
1233,J-28L-20K600ms_m0.75,NaN,NaN,NaN
1234,J-28L-20K600ms_m0.8,NaN,NaN,NaN
1235,J-28L-20K600ms_m0.85,NaN,NaN,NaN
1236,J-28L-20K600ms_m0.9,NaN,NaN,NaN
1237,J-28L-20K600ms_m0.95,NaN,NaN,NaN
1238,J-28L-20K600ms_m1.0,-9.713420867919922,11.879928764651453,-7.123534854791558e-5
1239,J-28L-10K0ms_m0.6,44.98695373535156,11.880056099472185,5.609947218410127e-5
1240,J-28L-10K0ms_m0.65,44.98924255371094,11.880171828093182,0.00017182809318150305
1241,J-28L-10K0ms_m0.7,45.02510070800781,11.880069977942838,6.997794283769565e-5
1242,J-28L-10K0ms_m0.75,45.08766174316406,11.880060242303784,6.024230378365303e-5
1243,J-28L-10K0ms_m0.8,45.17005920410156,11.880022880034716,2.288003471484501e-5
1244,J-28L-10K0ms_m0.85,45.26695251464844,11.879821555251894,-0.00017844474810679856
1245,J-28L-10K0ms_m0.9,45.36918640136719,11.880078219230825,7.821923082396154e-5
1246,J-28L-10K0ms_m0.95,45.48591613769531,11.879985670696371,-1.432930362987861e-5
1247,J-28L-10K0ms_m1.0,46.21528625488281,11.879721727266542,-0.0002782727334587065
1248,J-28L-10K300ms_m0.6,9.166421890258789,11.880050794812163,5.0794812162635594e-5
1249,J-28L-10K300ms_m0.65,10.00875473022461,11.8799383974212,-6.160257880161168e-5
1250,J-28L-10K300ms_m0.7,11.045207977294922,11.863787640544643,-0.016212359455357372
1251,J-28L-10K300ms_m0.75,12.27468490600586,11.880192236294363,0.00019223629436204703
1252,J-28L-10K300ms_m0.8,13.047542572021484,11.87992838341647,-7.161658353105338e-5
1253,J-28L-10K300ms_m0.85,13.795413970947266,11.88010960081344,0.00010960081344002504
1254,J-28L-10K300ms_m0.9,14.522113800048828,11.879929978065036,-7.002193496497e-5
1255,J-28L-10K300ms_m0.95,15.230121612548828,11.880115556068944,0.0001155560689429791
1256,J-28L-10K300ms_m1.0,15.922489166259766,11.879929964209893,-7.003579010778083e-5
1257,J-28L-10K600ms_m0.6,NaN,NaN,NaN
1258,J-28L-10K600ms_m0.65,NaN,NaN,NaN
1259,J-28L-10K600ms_m0.7,NaN,NaN,NaN
1260,J-28L-10K600ms_m0.75,NaN,NaN,NaN
1261,J-28L-10K600ms_m0.8,-8.589372634887695,11.880063346881556,6.334688155540391e-5
1262,J-28L-10K600ms_m0.85,-7.593927383422852,11.879966755132827,-3.324486717382058e-5
1263,J-28L-10K600ms_m0.9,-6.354055404663086,11.880058933579363,5.8933579362374644e-5
1264,J-28L-10K600ms_m0.95,-5.167112350463867,11.879926009474048,-7.399052595324918e-5
1265,J-28L-10K600ms_m1.0,-4.033169746398926,11.880126477112952,0.00012647711295166175
1266,J-28L0K0ms_m0.6,63.10142517089844,11.879808903252652,-0.00019109674734885118
1267,J-28L0K0ms_m0.65,62.88246154785156,11.880110130535911,0.00011013053591035771
1268,J-28L0K0ms_m0.7,62.71308898925781,11.880076530501341,7.653050134059924e-5
1269,J-28L0K0ms_m0.75,62.57652282714844,11.880203834005869,0.0002038340058678756
1270,J-28L0K0ms_m0.8,62.47352600097656,11.87993190490863,-6.809509137006842e-5
1271,J-28L0K0ms_m0.85,62.38960266113281,11.87999403005223,-5.969947769912665e-6
1272,J-28L0K0ms_m0.9,62.32398986816406,11.879878958032947,-0.00012104196705386983
1273,J-28L0K0ms_m0.95,62.27058410644531,11.8799336717383,-6.632826170083206e-5
1274,J-28L0K0ms_m1.0,62.22785949707031,11.879909400344587,-9.059965541347026e-5
1275,J-28L0K300ms_m0.6,21.57367706298828,11.880040156813095,4.0156813094327504e-5
1276,J-28L0K300ms_m0.65,22.14092254638672,11.879963578759316,-3.6421240684703093e-5
1277,J-28L0K300ms_m0.7,22.69786834716797,11.879933116087727,-6.688391227349655e-5
1278,J-28L0K300ms_m0.75,23.24298858642578,11.879826514787666,-0.00017348521233451208
1279,J-28L0K300ms_m0.8,23.77056121826172,11.880019109814,1.9109813999662606e-5
1280,J-28L0K300ms_m0.85,24.99164581298828,11.879883262638415,-0.00011673736158535064
1281,J-28L0K300ms_m0.9,25.509300231933594,11.87977268632892,-0.0002273136710808643
1282,J-28L0K300ms_m0.95,26.01856231689453,11.880109204413401,0.00010920441340012133
1283,J-28L0K300ms_m1.0,26.518287658691406,11.880033959191394,3.39591913931514e-5
1284,J-28L0K600ms_m0.6,-5.701169967651367,11.879959167978669,-4.0832021332093404e-5
1285,J-28L0K600ms_m0.65,-4.293379783630371,11.879898734667364,-0.00010126533263665749
1286,J-28L0K600ms_m0.7,-2.954087257385254,11.879945673478701,-5.4326521299330466e-5
1287,J-28L0K600ms_m0.75,-1.675865650177002,11.880081862655317,8.186265531584525e-5
1288,J-28L0K600ms_m0.8,-0.4498785734176636,11.880022793108921,2.2793108920282634e-5
1289,J-28L0K600ms_m0.85,0.7243478298187256,11.880215718939823,0.00021571893982219592
1290,J-28L0K600ms_m0.9,1.8590712547302246,11.880053242485985,5.324248598448378e-5
1291,J-28L0K600ms_m0.95,2.958550453186035,11.87999587219997,-4.1278000306732565e-6
1292,J-28L0K600ms_m1.0,3.5619401931762695,11.880075054179017,7.50541790157655e-5
1293,J-28L10K0ms_m0.6,84.23904418945312,11.879990009753456,-9.99024654468883e-6
1294,J-28L10K0ms_m0.65,83.86825561523438,11.880269360902105,0.0002693609021040544
1295,J-28L10K0ms_m0.7,83.55545043945312,11.879864194749516,-0.000135805250485177
1296,J-28L10K0ms_m0.75,83.28384399414062,11.880199079626578,0.00019907962657761402
1297,J-28L10K0ms_m0.8,83.04428100585938,11.880281203295652,0.00028120329565162194
1298,J-28L10K0ms_m0.85,82.83676147460938,11.880179072774013,0.00017907277401185695
1299,J-28L10K0ms_m0.9,82.64907836914062,11.879833058584424,-0.0001669414155767157
1300,J-28L10K0ms_m0.95,82.47817993164062,11.879815562317148,-0.00018443768285258955
1301,J-28L10K0ms_m1.0,82.32101440429688,11.880017147661704,1.7147661703020844e-5
1302,J-28L10K300ms_m0.6,35.67699432373047,11.88003204436356,3.204436355908058e-5
1303,J-28L10K300ms_m0.65,35.98102569580078,11.880058565367207,5.8565367206497854e-5
1304,J-28L10K300ms_m0.7,36.29230499267578,11.879918057103325,-8.194289667606824e-5
1305,J-28L10K300ms_m0.75,36.604347229003906,11.879952287950957,-4.771204904407966e-5
1306,J-28L10K300ms_m0.8,36.916770935058594,11.879936998576,-6.30014240012855e-5
1307,J-28L10K300ms_m0.85,37.22614288330078,11.880077482080765,7.748208076385765e-5
1308,J-28L10K300ms_m0.9,37.528648376464844,11.880047765589495,4.776558949437515e-5
1309,J-28L10K300ms_m0.95,38.61869812011719,11.879816360868091,-0.00018363913190988512
1310,J-28L10K300ms_m1.0,38.93531799316406,11.880051826818118,5.1826818117106654e-5
1311,J-28L10K600ms_m0.6,3.854050636291504,11.880082762991037,8.27629910364891e-5
1312,J-28L10K600ms_m0.65,4.968633651733398,11.880085332711857,8.533271185662272e-5
1313,J-28L10K600ms_m0.7,6.854429244995117,11.879999841656215,-1.5834378608303723e-7
1314,J-28L10K600ms_m0.75,7.89860725402832,11.880004195375221,4.195375220561459e-6
1315,J-28L10K600ms_m0.8,8.901205062866211,11.879994726089834,-5.273910167247209e-6
1316,J-28L10K600ms_m0.85,9.867992401123047,11.879930338224142,-6.966177585887579e-5
1317,J-28L10K600ms_m0.9,10.801067352294922,11.87996489363266,-3.510636734027628e-5
1318,J-28L10K600ms_m0.95,11.70724868774414,11.879834083214604,-0.00016591678539690236
1319,J-28L10K600ms_m1.0,12.587108612060547,11.880009251540486,9.251540484811471e-6
1320,J-28L20K0ms_m0.6,109.21615600585938,11.880009015249968,9.015249966992656e-6
1321,J-28L20K0ms_m0.65,108.81332397460938,11.879994152864683,-5.847135318148844e-6
1322,J-28L20K0ms_m0.7,108.47152709960938,11.87985423978833,-0.00014576021167123088
1323,J-28L20K0ms_m0.75,108.16787719726562,11.880113072769703,0.0001130727697020717
1324,J-28L20K0ms_m0.8,107.91000366210938,11.880009521960588,9.52196058712218e-6
1325,J-28L20K0ms_m0.85,107.67349243164062,11.879915132555908,-8.486744409275104e-5
1326,J-28L20K0ms_m0.9,107.45834350585938,11.879893605503298,-0.00010639449670257761
1327,J-28L20K0ms_m0.95,107.26760864257812,11.87982108646392,-0.0001789135360805716
1328,J-28L20K0ms_m1.0,107.08755493164062,11.879841355690445,-0.000158644309555811
1329,J-28L20K300ms_m0.6,51.71226501464844,11.87998650030383,-1.3499696171592745e-5
1330,J-28L20K300ms_m0.65,51.77101135253906,11.87997218024266,-2.781975734045261e-5
1331,J-28L20K300ms_m0.7,51.85111999511719,11.880076069947279,7.606994727815675e-5
1332,J-28L20K300ms_m0.75,51.94725036621094,11.880152301502633,0.00015230150263256803
1333,J-28L20K300ms_m0.8,52.05863952636719,11.880115466083268,0.00011546608326717944
1334,J-28L20K300ms_m0.85,52.17308044433594,11.879913528994678,-8.647100532321872e-5
1335,J-28L20K300ms_m0.9,52.28981018066406,11.87999102332087,-8.97667913157818e-6
1336,J-28L20K300ms_m0.95,52.41188049316406,11.879990853300598,-9.14669940321744e-6
1337,J-28L20K300ms_m1.0,53.45710754394531,11.879994072713558,-5.927286442997115e-6
1338,J-28L20K600ms_m0.6,15.484180450439453,11.879965360851216,-3.4639148784876284e-5
1339,J-28L20K600ms_m0.65,16.34286880493164,11.880009882424261,9.882424260254652e-6
1340,J-28L20K600ms_m0.7,17.16054916381836,11.880029339776542,2.9339776540737716e-5
1341,J-28L20K600ms_m0.75,17.943706512451172,11.880071108835594,7.110883559313663e-5
1342,J-28L20K600ms_m0.8,19.57019805908203,11.880054543644661,5.454364466039863e-5
1343,J-28L20K600ms_m0.85,20.330848693847656,11.879900193613722,-9.980638627915539e-5
1344,J-28L20K600ms_m0.9,21.068992614746094,11.88000785623359,7.856233589009776e-6
1345,J-28L20K600ms_m0.95,21.78844451904297,11.880012261460521,1.2261460520690548e-5
1346,J-28L20K600ms_m1.0,22.491111755371094,11.880109075647454,0.00010907564745288312
1347,J-27L-50K0ms_m0.6,NaN,NaN,NaN
1348,J-27L-50K0ms_m0.65,NaN,NaN,NaN
1349,J-27L-50K0ms_m0.7,NaN,NaN,NaN
1350,J-27L-50K0ms_m0.75,NaN,NaN,NaN
1351,J-27L-50K0ms_m0.8,NaN,NaN,NaN
1352,J-27L-50K0ms_m0.85,-9.905109405517578,11.880114079091868,0.0001140790918672252
1353,J-27L-50K0ms_m0.9,-8.80681037902832,11.88013396019494,0.00013396019493860933
1354,J-27L-50K0ms_m0.95,-7.739744186401367,11.879853920109923,-0.00014607989007764388
1355,J-27L-50K0ms_m1.0,-6.70252799987793,11.880107486132275,0.00010748613227384851
1356,J-27L-50K300ms_m0.6,NaN,NaN,NaN
1357,J-27L-50K300ms_m0.65,NaN,NaN,NaN
1358,J-27L-50K300ms_m0.7,NaN,NaN,NaN
1359,J-27L-50K300ms_m0.75,NaN,NaN,NaN
1360,J-27L-50K300ms_m0.8,NaN,NaN,NaN
1361,J-27L-50K300ms_m0.85,NaN,NaN,NaN
1362,J-27L-50K300ms_m0.9,NaN,NaN,NaN
1363,J-27L-50K300ms_m0.95,NaN,NaN,NaN
1364,J-27L-50K300ms_m1.0,NaN,NaN,NaN
1365,J-27L-50K600ms_m0.6,189.99847412109375,NaN,NaN
1366,J-27L-50K600ms_m0.65,NaN,NaN,NaN
1367,J-27L-50K600ms_m0.7,NaN,NaN,NaN
1368,J-27L-50K600ms_m0.75,NaN,NaN,NaN
1369,J-27L-50K600ms_m0.8,NaN,NaN,NaN
1370,J-27L-50K600ms_m0.85,NaN,NaN,NaN
1371,J-27L-50K600ms_m0.9,NaN,NaN,NaN
1372,J-27L-50K600ms_m0.95,NaN,NaN,NaN
1373,J-27L-50K600ms_m1.0,NaN,NaN,NaN
1374,J-27L-40K0ms_m0.6,-6.939516067504883,11.879879001947245,-0.00012099805275589404
1375,J-27L-40K0ms_m0.65,-5.94273567199707,11.8800853356379,8.533563790003029e-5
1376,J-27L-40K0ms_m0.7,-4.97218132019043,11.88000589627569,5.8962756899205715e-6
1377,J-27L-40K0ms_m0.75,-4.0314531326293945,11.880019406688234,1.940668823330327e-5
1378,J-27L-40K0ms_m0.8,-3.117499351501465,11.879940078139782,-5.992186021863688e-5
1379,J-27L-40K0ms_m0.85,-2.230236530303955,11.880052251403498,5.225140349729429e-5
1380,J-27L-40K0ms_m0.9,-1.3655400276184082,11.879976968232256,-2.3031767744541298e-5
1381,J-27L-40K0ms_m0.95,-0.5237346887588501,11.880106250465346,0.00010625046534507021
1382,J-27L-40K0ms_m1.0,0.4454845190048218,11.880019178283774,1.917828377351327e-5
1383,J-27L-40K300ms_m0.6,NaN,NaN,NaN
1384,J-27L-40K300ms_m0.65,NaN,NaN,NaN
1385,J-27L-40K300ms_m0.7,NaN,NaN,NaN
1386,J-27L-40K300ms_m0.75,NaN,NaN,NaN
1387,J-27L-40K300ms_m0.8,NaN,NaN,NaN
1388,J-27L-40K300ms_m0.85,NaN,NaN,NaN
1389,J-27L-40K300ms_m0.9,NaN,NaN,NaN
1390,J-27L-40K300ms_m0.95,NaN,NaN,NaN
1391,J-27L-40K300ms_m1.0,NaN,NaN,NaN
1392,J-27L-40K600ms_m0.6,NaN,NaN,NaN
1393,J-27L-40K600ms_m0.65,NaN,NaN,NaN
1394,J-27L-40K600ms_m0.7,NaN,NaN,NaN
1395,J-27L-40K600ms_m0.75,NaN,NaN,NaN
1396,J-27L-40K600ms_m0.8,NaN,NaN,NaN
1397,J-27L-40K600ms_m0.85,NaN,NaN,NaN
1398,J-27L-40K600ms_m0.9,NaN,NaN,NaN
1399,J-27L-40K600ms_m0.95,NaN,NaN,NaN
1400,J-27L-40K600ms_m1.0,NaN,NaN,NaN
1401,J-27L-30K0ms_m0.6,3.408970832824707,11.88017083978771,0.00017083978770848773
1402,J-27L-30K0ms_m0.65,4.098954200744629,11.879849339338122,-0.00015066066187863214
1403,J-27L-30K0ms_m0.7,5.284872055053711,11.879994261754334,-5.738245667075148e-6
1404,J-27L-30K0ms_m0.75,5.94853401184082,11.87992369611905,-7.630388095059004e-5
1405,J-27L-30K0ms_m0.8,6.595315933227539,11.880068763313503,6.876331350191833e-5
1406,J-27L-30K0ms_m0.85,7.232084274291992,11.879888872982264,-0.00011112701773718925
1407,J-27L-30K0ms_m0.9,7.85435676574707,11.8799863814764,-1.3618523601266475e-5
1408,J-27L-30K0ms_m0.95,8.464994430541992,11.87990667229947,-9.332770053127604e-5
1409,J-27L-30K0ms_m1.0,9.064760208129883,11.879645780063242,-0.0003542199367583265
1410,J-27L-30K300ms_m0.6,NaN,NaN,NaN
1411,J-27L-30K300ms_m0.65,NaN,NaN,NaN
1412,J-27L-30K300ms_m0.7,NaN,NaN,NaN
1413,J-27L-30K300ms_m0.75,NaN,NaN,NaN
1414,J-27L-30K300ms_m0.8,NaN,NaN,NaN
1415,J-27L-30K300ms_m0.85,NaN,NaN,NaN
1416,J-27L-30K300ms_m0.9,NaN,NaN,NaN
1417,J-27L-30K300ms_m0.95,NaN,NaN,NaN
1418,J-27L-30K300ms_m1.0,NaN,NaN,NaN
1419,J-27L-30K600ms_m0.6,NaN,NaN,NaN
1420,J-27L-30K600ms_m0.65,NaN,NaN,NaN
1421,J-27L-30K600ms_m0.7,NaN,NaN,NaN
1422,J-27L-30K600ms_m0.75,NaN,NaN,NaN
1423,J-27L-30K600ms_m0.8,NaN,NaN,NaN
1424,J-27L-30K600ms_m0.85,NaN,NaN,NaN
1425,J-27L-30K600ms_m0.9,NaN,NaN,NaN
1426,J-27L-30K600ms_m0.95,NaN,NaN,NaN
1427,J-27L-30K600ms_m1.0,NaN,NaN,NaN
1428,J-27L-20K0ms_m0.6,16.04684829711914,11.880112857244214,0.00011285724421306043
1429,J-27L-20K0ms_m0.65,16.437854766845703,11.880024971608663,2.4971608661772393e-5
1430,J-27L-20K0ms_m0.7,16.841449737548828,11.879913007642301,-8.699235769960012e-5
1431,J-27L-20K0ms_m0.75,17.24599838256836,11.880139182676814,0.00013918267681312102
1432,J-27L-20K0ms_m0.8,17.65188217163086,11.87990792813821,-9.207186179160942e-5
1433,J-27L-20K0ms_m0.85,18.554630279541016,11.880041763499122,4.1763499121216796e-5
1434,J-27L-20K0ms_m0.9,18.95193099975586,11.880008048952675,8.048952674144516e-6
1435,J-27L-20K0ms_m0.95,19.34398651123047,11.880113873381319,0.00011387338131818581
1436,J-27L-20K0ms_m1.0,19.73499298095703,11.8799949338229,-5.066177100943037e-6
1437,J-27L-20K300ms_m0.6,NaN,NaN,NaN
1438,J-27L-20K300ms_m0.65,NaN,NaN,NaN
1439,J-27L-20K300ms_m0.7,-9.97701644897461,11.879995894683546,-4.105316454783292e-6
1440,J-27L-20K300ms_m0.75,-8.821878433227539,11.87983164610553,-0.00016835389447145133
1441,J-27L-20K300ms_m0.8,-7.714376449584961,11.88006320334813,6.320334812848216e-5
1442,J-27L-20K300ms_m0.85,-6.645689010620117,11.879826466298269,-0.0001735337017318983
1443,J-27L-20K300ms_m0.9,-5.617914199829102,11.880154962495325,0.00015496249532453987
1444,J-27L-20K300ms_m0.95,-4.707131385803223,11.880006334801564,6.334801563312453e-6
1445,J-27L-20K300ms_m1.0,-3.784213066101074,11.880037857210624,3.7857210623215565e-5
1446,J-27L-20K600ms_m0.6,NaN,NaN,NaN
1447,J-27L-20K600ms_m0.65,NaN,NaN,NaN
1448,J-27L-20K600ms_m0.7,NaN,NaN,NaN
1449,J-27L-20K600ms_m0.75,NaN,NaN,NaN
1450,J-27L-20K600ms_m0.8,NaN,NaN,NaN
1451,J-27L-20K600ms_m0.85,NaN,NaN,NaN
1452,J-27L-20K600ms_m0.9,NaN,NaN,NaN
1453,J-27L-20K600ms_m0.95,NaN,NaN,NaN
1454,J-27L-20K600ms_m1.0,NaN,NaN,NaN
1455,J-27L-10K0ms_m0.6,30.65532684326172,11.879888259806748,-0.00011174019325288498
1456,J-27L-10K0ms_m0.65,30.77320098876953,11.879873620426523,-0.00012637957347827466
1457,J-27L-10K0ms_m0.7,30.918922424316406,11.879831182956366,-0.00016881704363491679
1458,J-27L-10K0ms_m0.75,31.08409881591797,11.879963437734887,-3.65622651141706e-5
1459,J-27L-10K0ms_m0.8,31.26110076904297,11.880020932191158,2.093219115728573e-5
1460,J-27L-10K0ms_m0.85,31.44573211669922,11.879979147200459,-2.0852799542225853e-5
1461,J-27L-10K0ms_m0.9,31.63799285888672,11.879998562281997,-1.4377180033164905e-6
1462,J-27L-10K0ms_m0.95,32.39673614501953,11.88012538481388,0.00012538481387913691
1463,J-27L-10K0ms_m1.0,32.594337463378906,11.879896080369377,-0.00010391963062339471
1464,J-27L-10K300ms_m0.6,-2.8652048110961914,11.880049661771523,4.966177152176954e-5
1465,J-27L-10K300ms_m0.65,-1.235339641571045,11.879894021506686,-0.0001059784933143959
1466,J-27L-10K300ms_m0.7,-0.3053373098373413,11.880051504053299,5.150405329779062e-5
1467,J-27L-10K300ms_m0.75,0.5940788984298706,11.879958746248889,-4.1253751112080295e-5
1468,J-27L-10K300ms_m0.8,1.4608168601989746,11.880041193572083,4.1193572082320884e-5
1469,J-27L-10K300ms_m0.85,2.2991442680358887,11.880002671668535,2.671668534404148e-6
1470,J-27L-10K300ms_m0.9,3.110184669494629,11.880003968536485,3.9685364843222715e-6
1471,J-27L-10K300ms_m0.95,3.896489143371582,11.88022144504285,0.00022144504284860034
1472,J-27L-10K300ms_m1.0,4.66372013092041,11.879919296556139,-8.070344386190698e-5
1473,J-27L-10K600ms_m0.6,NaN,NaN,NaN
1474,J-27L-10K600ms_m0.65,NaN,NaN,NaN
1475,J-27L-10K600ms_m0.7,NaN,NaN,NaN
1476,J-27L-10K600ms_m0.75,NaN,NaN,NaN
1477,J-27L-10K600ms_m0.8,NaN,NaN,NaN
1478,J-27L-10K600ms_m0.85,NaN,NaN,NaN
1479,J-27L-10K600ms_m0.9,NaN,NaN,NaN
1480,J-27L-10K600ms_m0.95,NaN,NaN,NaN
1481,J-27L-10K600ms_m1.0,NaN,NaN,NaN
1482,J-27L0K0ms_m0.6,47.56187438964844,11.880036096047064,3.609604706333869e-5
1483,J-27L0K0ms_m0.65,47.43980407714844,11.880140320729538,0.00014032072953718
1484,J-27L0K0ms_m0.7,47.36274719238281,11.880063581341517,6.358134151618344e-5
1485,J-27L0K0ms_m0.75,47.31544494628906,11.879987251178676,-1.2748821324848336e-5
1486,J-27L0K0ms_m0.8,47.29408264160156,11.879793255740239,-0.0002067442597617486
1487,J-27L0K0ms_m0.85,47.28721618652344,11.879815834323779,-0.00018416567622203672
1488,J-27L0K0ms_m0.9,47.29331970214844,11.87998571791654,-1.4282083460770423e-5
1489,J-27L0K0ms_m0.95,47.31163024902344,11.880107174298445,0.00010717429844397941
1490,J-27L0K0ms_m1.0,47.34138488769531,11.8799890356741,-1.096432590053098e-5
1491,J-27L0K300ms_m0.6,8.841123580932617,11.87989975548119,-0.00010024451881029961
1492,J-27L0K300ms_m0.65,9.530439376831055,11.879877246138335,-0.00012275386166571423
1493,J-27L0K300ms_m0.7,10.197200775146484,11.880091025252725,9.102525272375317e-5
1494,J-27L0K300ms_m0.75,10.84512710571289,11.880063726106755,6.372610675420276e-5
1495,J-27L0K300ms_m0.8,12.14956283569336,11.880024169495698,2.416949569727933e-5
1496,J-27L0K300ms_m0.85,12.766780853271484,11.880030992115351,3.099211535051438e-5
1497,J-27L0K300ms_m0.9,13.369312286376953,11.880063178606335,6.317860633409111e-5
1498,J-27L0K300ms_m0.95,13.955821990966797,11.880105575934053,0.00010557593405202681
1499,J-27L0K300ms_m1.0,14.528217315673828,11.880079310684678,7.931068467748048e-5
1500,J-27L0K600ms_m0.6,NaN,NaN,NaN
1501,J-27L0K600ms_m0.65,NaN,NaN,NaN
1502,J-27L0K600ms_m0.7,NaN,NaN,NaN
1503,J-27L0K600ms_m0.75,NaN,NaN,NaN
1504,J-27L0K600ms_m0.8,NaN,NaN,NaN
1505,J-27L0K600ms_m0.85,-9.982929229736328,11.879964833506847,-3.5166493153937495e-5
1506,J-27L0K600ms_m0.9,-9.130105972290039,11.87996564019889,-3.435980111099468e-5
1507,J-27L0K600ms_m0.95,-8.053693771362305,11.87994009811942,-5.990188058113688e-5
1508,J-27L0K600ms_m1.0,-7.022867202758789,11.879885146431775,-0.0001148535682258256
1509,J-27L10K0ms_m0.6,67.20527648925781,11.879922321448788,-7.767855121265654e-5
1510,J-27L10K0ms_m0.65,66.90162658691406,11.879844248481149,-0.00015575151885194316
1511,J-27L10K0ms_m0.7,66.64909362792969,11.880130266476527,0.00013026647652658596
1512,J-27L10K0ms_m0.75,66.43699645996094,11.880047968347753,4.7968347752558316e-5
1513,J-27L10K0ms_m0.8,66.25541687011719,11.880106239175987,0.00010623917598628907
1514,J-27L10K0ms_m0.85,66.10054016113281,11.87995815780991,-4.184219009140122e-5
1515,J-27L10K0ms_m0.9,65.96397399902344,11.880113034340454,0.00011303434045295546
1516,J-27L10K0ms_m0.95,65.84114074707031,11.880294802746633,0.0002948027466320724
1517,J-27L10K0ms_m1.0,65.73661804199219,11.879878189280447,-0.00012181071955374989
1518,J-27L10K300ms_m0.6,22.150840759277344,11.879882087451108,-0.00011791254889281788
1519,J-27L10K300ms_m0.65,22.572364807128906,11.879995890794703,-4.109205297808671e-6
1520,J-27L10K300ms_m0.7,22.98931121826172,11.880077171224244,7.717122424288902e-5
1521,J-27L10K300ms_m0.75,23.40587615966797,11.880171147617517,0.000171147617516354
1522,J-27L10K300ms_m0.8,23.81519317626953,11.879826739529364,-0.0001732604706372598
1523,J-27L10K300ms_m0.85,24.210777282714844,11.879947312406756,-5.268759324472683e-5
1524,J-27L10K300ms_m0.9,25.33458709716797,11.87992538803438,-7.461196562097427e-5
1525,J-27L10K300ms_m0.95,25.72864532470703,11.879969832971398,-3.016702860314524e-5
1526,J-27L10K300ms_m1.0,26.118507385253906,11.880046858313065,4.68583130643907e-5
1527,J-27L10K600ms_m0.6,-7.883462905883789,11.880019762458858,1.9762458856931175e-5
1528,J-27L10K600ms_m0.65,-5.844411849975586,11.879957388566737,-4.261143326367289e-5
1529,J-27L10K600ms_m0.7,-4.656491279602051,11.88009627325593,9.62732559290913e-5
1530,J-27L10K600ms_m0.75,-3.519759178161621,11.880159141748152,0.0001591417481510149
1531,J-27L10K600ms_m0.8,-2.4327611923217773,11.879985600503261,-1.4399496739869733e-5
1532,J-27L10K600ms_m0.85,-1.3879036903381348,11.879799064906436,-0.00020093509356478023
1533,J-27L10K600ms_m0.9,-0.38444459438323975,11.880086987231408,8.698723140732056e-5
1534,J-27L10K600ms_m0.95,0.5880886316299438,11.880046025480354,4.602548035315124e-5
1535,J-27L10K600ms_m1.0,1.5295767784118652,11.88002337942359,2.337942358998646e-5
1536,J-27L20K0ms_m0.6,90.24032592773438,11.879860044036434,-0.00013995596356686235
1537,J-27L20K0ms_m0.65,89.83901977539062,11.880058550014624,5.855001462329312e-5
1538,J-27L20K0ms_m0.7,89.49722290039062,11.879985332230689,-1.4667769312026735e-5
1539,J-27L20K0ms_m0.75,89.19815063476562,11.880095437994214,9.54379942132988e-5
1540,J-27L20K0ms_m0.8,88.93417358398438,11.87998243872282,-1.7561277180888624e-5
1541,J-27L20K0ms_m0.85,88.69918823242188,11.879967927723726,-3.2072276274774936e-5
1542,J-27L20K0ms_m0.9,88.48861694335938,11.879952209391178,-4.779060882320607e-5
1543,J-27L20K0ms_m0.95,88.29483032226562,11.880013475951245,1.3475951243790973e-5
1544,J-27L20K0ms_m1.0,88.11477661132812,11.880067795680759,6.779568075820919e-5
1545,J-27L20K300ms_m0.6,37.272682189941406,11.880138625914611,0.0001386259146105573
1546,J-27L20K300ms_m0.65,37.443199157714844,11.880017399812473,1.7399812472618237e-5
1547,J-27L20K300ms_m0.7,37.63011932373047,11.879782497028685,-0.00021750297131539753
1548,J-27L20K300ms_m0.75,37.82581329345703,11.879853588637928,-0.00014641136207238503
1549,J-27L20K300ms_m0.8,38.02417755126953,11.879895348687327,-0.00010465131267345384
1550,J-27L20K300ms_m0.85,38.22578430175781,11.879983315869808,-1.668413019295656e-5
1551,J-27L20K300ms_m0.9,38.42185974121094,11.88027741428418,0.000277414284179045
1552,J-27L20K300ms_m0.95,38.62403869628906,11.880133713303465,0.0001337133034642335
1553,J-27L20K300ms_m1.0,39.67231750488281,11.880005473763504,5.473763502905626e-6
1554,J-27L20K600ms_m0.6,3.1688356399536133,11.879852417863873,-0.0001475821361278662
1555,J-27L20K600ms_m0.65,4.139676094055176,11.879931777246952,-6.822275304863012e-5
1556,J-27L20K600ms_m0.7,5.060663223266602,11.880040011836158,4.0011836157205494e-5
1557,J-27L20K600ms_m0.75,6.77403450012207,11.879970059929732,-2.994007026835277e-5
1558,J-27L20K600ms_m0.8,7.64378547668457,11.880028448533196,2.844853319494689e-5
1559,J-27L20K600ms_m0.85,8.481874465942383,11.88000626987153,6.269871528630233e-6
1560,J-27L20K600ms_m0.9,9.292593002319336,11.880038397146762,3.839714676168171e-5
1561,J-27L20K600ms_m0.95,10.07741928100586,11.879911417925484,-8.858207451645228e-5
1562,J-27L20K600ms_m1.0,10.839786529541016,11.879996592190977,-3.407809023414643e-6
